{
  "cx": 320.0,
  "cy": 240.0,
  "depth_scale": 1.0,
  "fx": 1349.65878,
  "fy": 1349.14047,
  "height": 480,
  "width": 640
}
